{
  "main": {
    "id": "5c681fdb65a1a473",
    "type": "split",
    "children": [
      {
        "id": "c3adc98e526538d8",
        "type": "tabs",
        "children": [
          {
            "id": "7757a8bc6e3e3155",
            "type": "leaf",
            "state": {
              "type": "markdown",
              "state": {
                "file": "Extreme Weather relationship to diversity effects.md",
                "mode": "source",
                "source": false
              }
            }
          }
        ]
      }
    ],
    "direction": "vertical"
  },
  "left": {
    "id": "a6f8b5844161347b",
    "type": "split",
    "children": [
      {
        "id": "4db5435ab252a276",
        "type": "tabs",
        "children": [
          {
            "id": "8afb6f20558168ed",
            "type": "leaf",
            "state": {
              "type": "file-explorer",
              "state": {
                "sortOrder": "alphabetical"
              }
            }
          },
          {
            "id": "43486cf80f6fb2bf",
            "type": "leaf",
            "state": {
              "type": "search",
              "state": {
                "query": "[[!]]",
                "matchingCase": false,
                "explainSearch": false,
                "collapseAll": false,
                "extraContext": false,
                "sortOrder": "alphabetical"
              }
            }
          },
          {
            "id": "c5789a745daf6d26",
            "type": "leaf",
            "state": {
              "type": "starred",
              "state": {}
            }
          }
        ]
      }
    ],
    "direction": "horizontal",
    "width": 300
  },
  "right": {
    "id": "cdeab6e3085b11c5",
    "type": "split",
    "children": [
      {
        "id": "ca2574d0de1570cf",
        "type": "tabs",
        "children": [
          {
            "id": "756590201a64dd3e",
            "type": "leaf",
            "state": {
              "type": "backlink",
              "state": {
                "file": "Extreme Weather relationship to diversity effects.md",
                "collapseAll": false,
                "extraContext": false,
                "sortOrder": "alphabetical",
                "showSearch": false,
                "searchQuery": "",
                "backlinkCollapsed": false,
                "unlinkedCollapsed": true
              }
            }
          },
          {
            "id": "61cca402780b830b",
            "type": "leaf",
            "state": {
              "type": "outgoing-link",
              "state": {
                "file": "Extreme Weather relationship to diversity effects.md",
                "linksCollapsed": false,
                "unlinkedCollapsed": true
              }
            }
          },
          {
            "id": "8e64d6df3c5fef3f",
            "type": "leaf",
            "state": {
              "type": "tag",
              "state": {
                "sortOrder": "frequency",
                "useHierarchy": true
              }
            }
          },
          {
            "id": "738ff269bb81dfa3",
            "type": "leaf",
            "state": {
              "type": "outline",
              "state": {
                "file": "Extreme Weather relationship to diversity effects.md"
              }
            }
          },
          {
            "id": "4eabe6f875a16419",
            "type": "leaf",
            "state": {
              "type": "QUICKSHARE_SIDE_VIEW",
              "state": {}
            }
          }
        ],
        "currentTab": 4
      }
    ],
    "direction": "horizontal",
    "width": 300,
    "collapsed": true
  },
  "left-ribbon": {
    "hiddenItems": {
      "switcher:Open quick switcher": false,
      "graph:Open graph view": false,
      "canvas:Create new canvas": false,
      "daily-notes:Open today's daily note": false,
      "templates:Insert template": false,
      "command-palette:Open command palette": false,
      "obsidian-markbase:Sync all Markbase projects": false
    }
  },
  "active": "7757a8bc6e3e3155",
  "lastOpenFiles": [
    "math concepts.md",
    "Neural Networks.md",
    "Synthetic TS with Pytorch.md",
    "Sample based Causal Inference.md",
    "library_notes/@li_enhancing_2020.md",
    "Transformers for Time Series.md",
    "library_notes/@lim_temporal_2020.md",
    "library_notes/@zeng_are_2022.md",
    "library_notes/@wen_transformers_2022.md",
    "Causal Pretraining.md",
    "Deep Learning for Causal Discovery.md",
    "Causal Inference.md",
    "library_notes/@vowels_dx2019ya_2022.md",
    "Time series Causal Inference.md",
    "Time series modeling.md",
    "Understanding Soil layer relationships.md"
  ]
}